{
  "build": "hd77b12b_0",
  "build_number": 0,
  "channel": "https://repo.anaconda.com/pkgs/main/win-64",
  "constrains": [],
  "depends": [
    "vc >=14.1,<15.0a0",
    "vs2015_runtime >=14.16.27012,<15.0a0"
  ],
  "extracted_package_dir": "C:\\Users\\noahf\\anaconda3\\pkgs\\libffi-3.4.4-hd77b12b_0",
  "features": "",
  "files": [
    "Library/bin/ffi-7.dll",
    "Library/bin/ffi-8.dll",
    "Library/bin/ffi.dll",
    "Library/include/ffi.h",
    "Library/include/ffitarget.h",
    "Library/lib/ffi.lib",
    "Library/lib/libffi.dll.lib",
    "Library/lib/libffi.lib",
    "Library/lib/pkgconfig/libffi.pc",
    "Library/share/libffi/libffiTargets-release.cmake",
    "Library/share/libffi/libffiTargets.cmake",
    ".nonadmin"
  ],
  "fn": "libffi-3.4.4-hd77b12b_0.conda",
  "legacy_bz2_md5": "5cdcd99f18d9dedb772d272088e72b4c",
  "license": "MIT",
  "license_family": "MIT",
  "link": {
    "source": "C:\\Users\\noahf\\anaconda3\\pkgs\\libffi-3.4.4-hd77b12b_0",
    "type": 1
  },
  "md5": "0a01fe57e6261e7c574e43f2b1385f48",
  "name": "libffi",
  "package_tarball_full_path": "C:\\Users\\noahf\\anaconda3\\pkgs\\libffi-3.4.4-hd77b12b_0.conda",
  "paths_data": {
    "paths": [
      {
        "_path": "Library/bin/ffi-7.dll",
        "path_type": "hardlink",
        "sha256": "812eeff28941d7a7f93cd64ec880eb8e773f613536ccba9d3cb1049dd884b027",
        "sha256_in_prefix": "812eeff28941d7a7f93cd64ec880eb8e773f613536ccba9d3cb1049dd884b027",
        "size_in_bytes": 28160
      },
      {
        "_path": "Library/bin/ffi-8.dll",
        "path_type": "hardlink",
        "sha256": "812eeff28941d7a7f93cd64ec880eb8e773f613536ccba9d3cb1049dd884b027",
        "sha256_in_prefix": "812eeff28941d7a7f93cd64ec880eb8e773f613536ccba9d3cb1049dd884b027",
        "size_in_bytes": 28160
      },
      {
        "_path": "Library/bin/ffi.dll",
        "path_type": "hardlink",
        "sha256": "812eeff28941d7a7f93cd64ec880eb8e773f613536ccba9d3cb1049dd884b027",
        "sha256_in_prefix": "812eeff28941d7a7f93cd64ec880eb8e773f613536ccba9d3cb1049dd884b027",
        "size_in_bytes": 28160
      },
      {
        "_path": "Library/include/ffi.h",
        "path_type": "hardlink",
        "sha256": "d18da07658ad18d902cdc5b0ebccc08a9d142cedf9229c31e62a6f57db21ded0",
        "sha256_in_prefix": "d18da07658ad18d902cdc5b0ebccc08a9d142cedf9229c31e62a6f57db21ded0",
        "size_in_bytes": 14824
      },
      {
        "_path": "Library/include/ffitarget.h",
        "path_type": "hardlink",
        "sha256": "45e4fd2585aaed711e4fa3d1377b70c8e54dcdc56bdf402fa23a8816d19cc58a",
        "sha256_in_prefix": "45e4fd2585aaed711e4fa3d1377b70c8e54dcdc56bdf402fa23a8816d19cc58a",
        "size_in_bytes": 4928
      },
      {
        "_path": "Library/lib/ffi.lib",
        "path_type": "hardlink",
        "sha256": "a0880dd46e06d3dcdf7cca5a9aff8794dd7499841d44fe2881323b28c3b80f4b",
        "sha256_in_prefix": "a0880dd46e06d3dcdf7cca5a9aff8794dd7499841d44fe2881323b28c3b80f4b",
        "size_in_bytes": 11016
      },
      {
        "_path": "Library/lib/libffi.dll.lib",
        "path_type": "hardlink",
        "sha256": "a0880dd46e06d3dcdf7cca5a9aff8794dd7499841d44fe2881323b28c3b80f4b",
        "sha256_in_prefix": "a0880dd46e06d3dcdf7cca5a9aff8794dd7499841d44fe2881323b28c3b80f4b",
        "size_in_bytes": 11016
      },
      {
        "_path": "Library/lib/libffi.lib",
        "path_type": "hardlink",
        "sha256": "a0880dd46e06d3dcdf7cca5a9aff8794dd7499841d44fe2881323b28c3b80f4b",
        "sha256_in_prefix": "a0880dd46e06d3dcdf7cca5a9aff8794dd7499841d44fe2881323b28c3b80f4b",
        "size_in_bytes": 11016
      },
      {
        "_path": "Library/lib/pkgconfig/libffi.pc",
        "path_type": "hardlink",
        "sha256": "2ec4ed687e90284387101a6afffba12abacfb784852131640c0c54920484ce55",
        "sha256_in_prefix": "2ec4ed687e90284387101a6afffba12abacfb784852131640c0c54920484ce55",
        "size_in_bytes": 285
      },
      {
        "_path": "Library/share/libffi/libffiTargets-release.cmake",
        "path_type": "hardlink",
        "sha256": "4c6c1190e1b052a001ad884ade077b5cc68d7dec27e8594590ff76b991b3b15f",
        "sha256_in_prefix": "4c6c1190e1b052a001ad884ade077b5cc68d7dec27e8594590ff76b991b3b15f",
        "size_in_bytes": 1304
      },
      {
        "_path": "Library/share/libffi/libffiTargets.cmake",
        "path_type": "hardlink",
        "sha256": "150e790757d9504945b919161846a1117b2baf9911207b9d79736d606e7f412b",
        "sha256_in_prefix": "150e790757d9504945b919161846a1117b2baf9911207b9d79736d606e7f412b",
        "size_in_bytes": 3251
      }
    ],
    "paths_version": 1
  },
  "requested_spec": "None",
  "sha256": "e794277146eedbce79b23dbc3cee877e9222bac756a9bbfec971a14a667d10cb",
  "size": 115307,
  "subdir": "win-64",
  "timestamp": 1683716620230,
  "track_features": "",
  "url": "https://repo.anaconda.com/pkgs/main/win-64/libffi-3.4.4-hd77b12b_0.conda",
  "version": "3.4.4"
}