{
  "build": "h8cc25b3_0",
  "build_number": 0,
  "channel": "https://repo.anaconda.com/pkgs/main/win-64",
  "constrains": [],
  "depends": [
    "vc >=14.1,<15.0a0",
    "vs2015_runtime >=14.16.27012,<15.0a0"
  ],
  "extracted_package_dir": "C:\\Users\\noahf\\anaconda3\\pkgs\\xz-5.4.2-h8cc25b3_0",
  "features": "",
  "files": [
    "Library/bin/liblzma.dll",
    "Library/bin/lzcat.exe",
    "Library/bin/lzma.exe",
    "Library/bin/lzmadec.exe",
    "Library/bin/lzmainfo.exe",
    "Library/bin/unlzma.exe",
    "Library/bin/unxz.exe",
    "Library/bin/xz.exe",
    "Library/bin/xzcat.exe",
    "Library/bin/xzdec.exe",
    "Library/include/lzma.h",
    "Library/include/lzma/base.h",
    "Library/include/lzma/bcj.h",
    "Library/include/lzma/block.h",
    "Library/include/lzma/check.h",
    "Library/include/lzma/container.h",
    "Library/include/lzma/delta.h",
    "Library/include/lzma/filter.h",
    "Library/include/lzma/hardware.h",
    "Library/include/lzma/index.h",
    "Library/include/lzma/index_hash.h",
    "Library/include/lzma/lzma12.h",
    "Library/include/lzma/stream_flags.h",
    "Library/include/lzma/version.h",
    "Library/include/lzma/vli.h",
    "Library/lib/liblzma.lib",
    "Library/lib/liblzma_static.lib",
    ".nonadmin"
  ],
  "fn": "xz-5.4.2-h8cc25b3_0.conda",
  "legacy_bz2_md5": "c3f7871e9a33adeccee1b1e8e216918e",
  "license": "LGPL-2.1-or-later and GPL-2.0-or-later",
  "license_family": "GPL2",
  "link": {
    "source": "C:\\Users\\noahf\\anaconda3\\pkgs\\xz-5.4.2-h8cc25b3_0",
    "type": 1
  },
  "md5": "7a2a89bb445ccef64e92bb003500380b",
  "name": "xz",
  "package_tarball_full_path": "C:\\Users\\noahf\\anaconda3\\pkgs\\xz-5.4.2-h8cc25b3_0.conda",
  "paths_data": {
    "paths": [
      {
        "_path": "Library/bin/liblzma.dll",
        "path_type": "hardlink",
        "sha256": "b8f0f02edeba6767ff105c7f36adecdabeea49b78c7e4773cb342e4edc87fa18",
        "sha256_in_prefix": "b8f0f02edeba6767ff105c7f36adecdabeea49b78c7e4773cb342e4edc87fa18",
        "size_in_bytes": 186368
      },
      {
        "_path": "Library/bin/lzcat.exe",
        "path_type": "hardlink",
        "sha256": "e808a7239be622134e6d51040989d9c909cd9e1fdc1c9a1f1f31bd2707d3bf58",
        "sha256_in_prefix": "e808a7239be622134e6d51040989d9c909cd9e1fdc1c9a1f1f31bd2707d3bf58",
        "size_in_bytes": 468076
      },
      {
        "_path": "Library/bin/lzma.exe",
        "path_type": "hardlink",
        "sha256": "e808a7239be622134e6d51040989d9c909cd9e1fdc1c9a1f1f31bd2707d3bf58",
        "sha256_in_prefix": "e808a7239be622134e6d51040989d9c909cd9e1fdc1c9a1f1f31bd2707d3bf58",
        "size_in_bytes": 468076
      },
      {
        "_path": "Library/bin/lzmadec.exe",
        "path_type": "hardlink",
        "sha256": "2d7a3ca2f1165c1531f30c8a5d46a8700e191f2984d9897ba7624b2559c09616",
        "sha256_in_prefix": "2d7a3ca2f1165c1531f30c8a5d46a8700e191f2984d9897ba7624b2559c09616",
        "size_in_bytes": 303370
      },
      {
        "_path": "Library/bin/lzmainfo.exe",
        "path_type": "hardlink",
        "sha256": "7f208fbefa343c9f394d89e37d7fb6242048e9189910758812467e8200542046",
        "sha256_in_prefix": "7f208fbefa343c9f394d89e37d7fb6242048e9189910758812467e8200542046",
        "size_in_bytes": 316692
      },
      {
        "_path": "Library/bin/unlzma.exe",
        "path_type": "hardlink",
        "sha256": "e808a7239be622134e6d51040989d9c909cd9e1fdc1c9a1f1f31bd2707d3bf58",
        "sha256_in_prefix": "e808a7239be622134e6d51040989d9c909cd9e1fdc1c9a1f1f31bd2707d3bf58",
        "size_in_bytes": 468076
      },
      {
        "_path": "Library/bin/unxz.exe",
        "path_type": "hardlink",
        "sha256": "e808a7239be622134e6d51040989d9c909cd9e1fdc1c9a1f1f31bd2707d3bf58",
        "sha256_in_prefix": "e808a7239be622134e6d51040989d9c909cd9e1fdc1c9a1f1f31bd2707d3bf58",
        "size_in_bytes": 468076
      },
      {
        "_path": "Library/bin/xz.exe",
        "path_type": "hardlink",
        "sha256": "e808a7239be622134e6d51040989d9c909cd9e1fdc1c9a1f1f31bd2707d3bf58",
        "sha256_in_prefix": "e808a7239be622134e6d51040989d9c909cd9e1fdc1c9a1f1f31bd2707d3bf58",
        "size_in_bytes": 468076
      },
      {
        "_path": "Library/bin/xzcat.exe",
        "path_type": "hardlink",
        "sha256": "e808a7239be622134e6d51040989d9c909cd9e1fdc1c9a1f1f31bd2707d3bf58",
        "sha256_in_prefix": "e808a7239be622134e6d51040989d9c909cd9e1fdc1c9a1f1f31bd2707d3bf58",
        "size_in_bytes": 468076
      },
      {
        "_path": "Library/bin/xzdec.exe",
        "path_type": "hardlink",
        "sha256": "718af21e72322f725b8957dbc4dca7abe89d9eb536962601b849e0a9292c67e8",
        "sha256_in_prefix": "718af21e72322f725b8957dbc4dca7abe89d9eb536962601b849e0a9292c67e8",
        "size_in_bytes": 335855
      },
      {
        "_path": "Library/include/lzma.h",
        "path_type": "hardlink",
        "sha256": "abd7e4928cfde25762df66ee27f979a92d6a716d360ca13d2acdc6c9a0aba4e5",
        "sha256_in_prefix": "abd7e4928cfde25762df66ee27f979a92d6a716d360ca13d2acdc6c9a0aba4e5",
        "size_in_bytes": 9939
      },
      {
        "_path": "Library/include/lzma/base.h",
        "path_type": "hardlink",
        "sha256": "c547e5692f0a1e938b72669f3dd4d586bbfc6b1ac090ac526727f0838b168393",
        "sha256_in_prefix": "c547e5692f0a1e938b72669f3dd4d586bbfc6b1ac090ac526727f0838b168393",
        "size_in_bytes": 28145
      },
      {
        "_path": "Library/include/lzma/bcj.h",
        "path_type": "hardlink",
        "sha256": "eb476931d15a174904d9696c377582e505cb98f3caed1905d17b5c05029549bd",
        "sha256_in_prefix": "eb476931d15a174904d9696c377582e505cb98f3caed1905d17b5c05029549bd",
        "size_in_bytes": 2790
      },
      {
        "_path": "Library/include/lzma/block.h",
        "path_type": "hardlink",
        "sha256": "9404bdeb7399a8311850f5e8be580e521b31f8dd5d4066f6d9ddb8641678c053",
        "sha256_in_prefix": "9404bdeb7399a8311850f5e8be580e521b31f8dd5d4066f6d9ddb8641678c053",
        "size_in_bytes": 26028
      },
      {
        "_path": "Library/include/lzma/check.h",
        "path_type": "hardlink",
        "sha256": "e98b6df731ec386e421a40651991fcd3eac84ab63781f86cfbc7073fbc1ec998",
        "sha256_in_prefix": "e98b6df731ec386e421a40651991fcd3eac84ab63781f86cfbc7073fbc1ec998",
        "size_in_bytes": 4904
      },
      {
        "_path": "Library/include/lzma/container.h",
        "path_type": "hardlink",
        "sha256": "f52573d2b36f395817bf47196681700c84706cb3e2d16256af4d7ac2d29a4597",
        "sha256_in_prefix": "f52573d2b36f395817bf47196681700c84706cb3e2d16256af4d7ac2d29a4597",
        "size_in_bytes": 40793
      },
      {
        "_path": "Library/include/lzma/delta.h",
        "path_type": "hardlink",
        "sha256": "9f99742c20595af65103e67b210ea6b9a348d8b6f13f007d36734b0d293e31dc",
        "sha256_in_prefix": "9f99742c20595af65103e67b210ea6b9a348d8b6f13f007d36734b0d293e31dc",
        "size_in_bytes": 2251
      },
      {
        "_path": "Library/include/lzma/filter.h",
        "path_type": "hardlink",
        "sha256": "c07dd3bd4d0e9e2a3caaf5ddc905612357edd9699e886892b1c1ab8c8cb85fda",
        "sha256_in_prefix": "c07dd3bd4d0e9e2a3caaf5ddc905612357edd9699e886892b1c1ab8c8cb85fda",
        "size_in_bytes": 31817
      },
      {
        "_path": "Library/include/lzma/hardware.h",
        "path_type": "hardlink",
        "sha256": "c557f4c88fcbf45bb780a4e912ebabe30609624d7cf53c1b267b57657303df15",
        "sha256_in_prefix": "c557f4c88fcbf45bb780a4e912ebabe30609624d7cf53c1b267b57657303df15",
        "size_in_bytes": 2614
      },
      {
        "_path": "Library/include/lzma/index.h",
        "path_type": "hardlink",
        "sha256": "23b66b3eb16ae52b38bea0d397ec693f5ac6506c89186671c2b17050cd0cf3ba",
        "sha256_in_prefix": "23b66b3eb16ae52b38bea0d397ec693f5ac6506c89186671c2b17050cd0cf3ba",
        "size_in_bytes": 30371
      },
      {
        "_path": "Library/include/lzma/index_hash.h",
        "path_type": "hardlink",
        "sha256": "d8207d4a784ca6f6a10d95992a26eab0c8b6b6db38525bbec04a589bfd696a26",
        "sha256_in_prefix": "d8207d4a784ca6f6a10d95992a26eab0c8b6b6db38525bbec04a589bfd696a26",
        "size_in_bytes": 4735
      },
      {
        "_path": "Library/include/lzma/lzma12.h",
        "path_type": "hardlink",
        "sha256": "a7c2fccaa70037cb3195107ab43da5090b96e65400d1526072733b6d517045fe",
        "sha256_in_prefix": "a7c2fccaa70037cb3195107ab43da5090b96e65400d1526072733b6d517045fe",
        "size_in_bytes": 20881
      },
      {
        "_path": "Library/include/lzma/stream_flags.h",
        "path_type": "hardlink",
        "sha256": "85152d87811789956d0602152f3c51fca628d0aa99ddacb44813fa04f8f9aa98",
        "sha256_in_prefix": "85152d87811789956d0602152f3c51fca628d0aa99ddacb44813fa04f8f9aa98",
        "size_in_bytes": 9303
      },
      {
        "_path": "Library/include/lzma/version.h",
        "path_type": "hardlink",
        "sha256": "add39c3f188269754ee2942201a0847a92e6aa44af3f5b561712b0dde0d3b390",
        "sha256_in_prefix": "add39c3f188269754ee2942201a0847a92e6aa44af3f5b561712b0dde0d3b390",
        "size_in_bytes": 3932
      },
      {
        "_path": "Library/include/lzma/vli.h",
        "path_type": "hardlink",
        "sha256": "0fde3d0606456f70d60a2c1895df592679cee851c95d72532391f309d1ac8671",
        "sha256_in_prefix": "0fde3d0606456f70d60a2c1895df592679cee851c95d72532391f309d1ac8671",
        "size_in_bytes": 6699
      },
      {
        "_path": "Library/lib/liblzma.lib",
        "path_type": "hardlink",
        "sha256": "da85906509e9d4c2437fa93e2dc44588f8b171098de583b92eb4973a7ce9b484",
        "sha256_in_prefix": "da85906509e9d4c2437fa93e2dc44588f8b171098de583b92eb4973a7ce9b484",
        "size_in_bytes": 25806
      },
      {
        "_path": "Library/lib/liblzma_static.lib",
        "path_type": "hardlink",
        "sha256": "058f8df827fe8606a321cea1e6d700e923916a526bbc3903b10c9a68423583f4",
        "sha256_in_prefix": "058f8df827fe8606a321cea1e6d700e923916a526bbc3903b10c9a68423583f4",
        "size_in_bytes": 1315056
      }
    ],
    "paths_version": 1
  },
  "requested_spec": "None",
  "sha256": "7be69f77c06d1da13d1d2d57dca61017b098bb85df0dfd16c81392c24946907e",
  "size": 606433,
  "subdir": "win-64",
  "timestamp": 1683113347814,
  "track_features": "",
  "url": "https://repo.anaconda.com/pkgs/main/win-64/xz-5.4.2-h8cc25b3_0.conda",
  "version": "5.4.2"
}