{
  "build": "h8cc25b3_0",
  "build_number": 0,
  "channel": "https://repo.anaconda.com/pkgs/main/win-64",
  "constrains": [],
  "depends": [
    "vc >=14.1,<15.0a0",
    "vs2015_runtime >=14.16.27012,<15.0a0"
  ],
  "extracted_package_dir": "C:\\Users\\noahf\\anaconda3\\pkgs\\zlib-1.2.13-h8cc25b3_0",
  "features": "",
  "files": [
    "Library/bin/zlib.dll",
    "Library/include/zconf.h",
    "Library/include/zlib.h",
    "Library/lib/pkgconfig/zlib.pc",
    "Library/lib/z.lib",
    "Library/lib/zdll.lib",
    "Library/lib/zlib.lib",
    "Library/lib/zlibstatic.lib",
    "Library/share/man/man3/zlib.3",
    "zlib.dll",
    ".nonadmin"
  ],
  "fn": "zlib-1.2.13-h8cc25b3_0.conda",
  "legacy_bz2_md5": "05f29aa81cd3a3b38ebaccfa5a0d0e17",
  "license": "Zlib",
  "license_family": "Other",
  "link": {
    "source": "C:\\Users\\noahf\\anaconda3\\pkgs\\zlib-1.2.13-h8cc25b3_0",
    "type": 1
  },
  "md5": "93432f34cf66a0153947825ed4fbd69f",
  "name": "zlib",
  "package_tarball_full_path": "C:\\Users\\noahf\\anaconda3\\pkgs\\zlib-1.2.13-h8cc25b3_0.conda",
  "paths_data": {
    "paths": [
      {
        "_path": "Library/bin/zlib.dll",
        "path_type": "hardlink",
        "sha256": "54c755e6b90499a5ef49a65ce9472535286fe4db3565a06c4a53f8a4833532dc",
        "sha256_in_prefix": "54c755e6b90499a5ef49a65ce9472535286fe4db3565a06c4a53f8a4833532dc",
        "size_in_bytes": 87552
      },
      {
        "_path": "Library/include/zconf.h",
        "path_type": "hardlink",
        "sha256": "e4527a1521c9641f39c1162687abed7d87c41a39a090c3627754695a678612f3",
        "sha256_in_prefix": "e4527a1521c9641f39c1162687abed7d87c41a39a090c3627754695a678612f3",
        "size_in_bytes": 17225
      },
      {
        "_path": "Library/include/zlib.h",
        "path_type": "hardlink",
        "sha256": "a980a0d104198a53cc220c51ab5856e5be901bec8a2d02e0ee79a8754219dfed",
        "sha256_in_prefix": "a980a0d104198a53cc220c51ab5856e5be901bec8a2d02e0ee79a8754219dfed",
        "size_in_bytes": 97323
      },
      {
        "_path": "Library/lib/pkgconfig/zlib.pc",
        "file_mode": "text",
        "path_type": "hardlink",
        "prefix_placeholder": "C:/b/abs_f0exso0psj/croot/zlib_1666594998929/_h_env",
        "sha256": "89cbf97aa827ee1bbf42c895a2e94a615c5df17ccb2ec9d5f34c3776ff5057c1",
        "sha256_in_prefix": "c9b6e3c5958e1c9937873c7a599745d8f13a6376096eae325a5b516e3220479c",
        "size_in_bytes": 520
      },
      {
        "_path": "Library/lib/z.lib",
        "path_type": "hardlink",
        "sha256": "c0538e6f76903a4126b9f719d71a368a0d5a35049edbca84ec27368e9d40713e",
        "sha256_in_prefix": "c0538e6f76903a4126b9f719d71a368a0d5a35049edbca84ec27368e9d40713e",
        "size_in_bytes": 16638
      },
      {
        "_path": "Library/lib/zdll.lib",
        "path_type": "hardlink",
        "sha256": "c0538e6f76903a4126b9f719d71a368a0d5a35049edbca84ec27368e9d40713e",
        "sha256_in_prefix": "c0538e6f76903a4126b9f719d71a368a0d5a35049edbca84ec27368e9d40713e",
        "size_in_bytes": 16638
      },
      {
        "_path": "Library/lib/zlib.lib",
        "path_type": "hardlink",
        "sha256": "c0538e6f76903a4126b9f719d71a368a0d5a35049edbca84ec27368e9d40713e",
        "sha256_in_prefix": "c0538e6f76903a4126b9f719d71a368a0d5a35049edbca84ec27368e9d40713e",
        "size_in_bytes": 16638
      },
      {
        "_path": "Library/lib/zlibstatic.lib",
        "path_type": "hardlink",
        "sha256": "d21ba2b8ffb4afe4da1192e2b0ee1a6cc34a2bb102e687140606bedc1880741b",
        "sha256_in_prefix": "d21ba2b8ffb4afe4da1192e2b0ee1a6cc34a2bb102e687140606bedc1880741b",
        "size_in_bytes": 185904
      },
      {
        "_path": "Library/share/man/man3/zlib.3",
        "path_type": "hardlink",
        "sha256": "aefd0162070fcb0379dc18e27b039253cd98c148104c1097dd60e0d0b435e564",
        "sha256_in_prefix": "aefd0162070fcb0379dc18e27b039253cd98c148104c1097dd60e0d0b435e564",
        "size_in_bytes": 4477
      },
      {
        "_path": "zlib.dll",
        "path_type": "hardlink",
        "sha256": "54c755e6b90499a5ef49a65ce9472535286fe4db3565a06c4a53f8a4833532dc",
        "sha256_in_prefix": "54c755e6b90499a5ef49a65ce9472535286fe4db3565a06c4a53f8a4833532dc",
        "size_in_bytes": 87552
      }
    ],
    "paths_version": 1
  },
  "requested_spec": "None",
  "sha256": "af28437d7bbce2beaa058d7882c3e4b6b264a1e0ce9b9aa604e21cf5e57f09d3",
  "size": 116215,
  "subdir": "win-64",
  "timestamp": 1666595229032,
  "track_features": "",
  "url": "https://repo.anaconda.com/pkgs/main/win-64/zlib-1.2.13-h8cc25b3_0.conda",
  "version": "1.2.13"
}